id;first_name;middle_name;last_name;relation;employee_id
1;Myah;Officer;Dooley;fresh-thinking system bypassing;1
2;Bradford;mint;Jerde;toolset Fresh Technician;2
3;Okey;Loan Data extend;Koelpin;Borders Steel target;1
4;Ayana;white distributed fuchsia;Heathcote;platforms deposit;2
5;Reanna;optical;Ritchie;bypass infomediaries Account;1
6;Brennon;deposit;Zulauf;quantifying indexing;2
7;Crystal;Saudi Cambridgeshire;Ledner;explicit payment Licensed;1
8;Libby;withdrawal;Hackett;Granite;2
9;Leora;Strategist;Turcotte;ivory Savings optical;1
10;Koby;Interactions Regional;Krajcik;Small pink tertiary;2
