id;name;date;description
1;scale Function-based optimize;2021-12-30;haptic
2;e-enable Metal;2021-12-30;deposit Cheese
3;benchmark;2021-12-30;real-time Facilitator Account
4;blue focus;2021-12-31;sensor Rubber Metal
5;firewall Village;2021-12-30;Clothing Bedfordshire
6;grey incubate;2021-12-30;Flat
7;Strategist Coordinator;2021-12-30;Jewelery Dakota Practical
8;open-source;2021-12-30;Plastic synthesizing District
9;synthesizing Gorgeous connecting;2021-12-31;Officer Vista lime
10;fresh-thinking;2021-12-30;deposit drive
